<?xml version="1.0" encoding="UTF-8"?>
<project-private xmlns="http://www.netbeans.org/ns/project-private/1">
    <editor-bookmarks xmlns="http://www.netbeans.org/ns/editor-bookmarks/2" lastBookmarkId="0"/>
    <open-files xmlns="http://www.netbeans.org/ns/projectui-open-files/2">
        <group>
            <file>file:/C:/Users/xuanduc/Documents/GitHub/PRJ/Q2_HE161346/web/MyExam.jsp</file>
            <file>file:/C:/Users/xuanduc/Documents/GitHub/PRJ/Q2_HE161346/web/index.html</file>
            <file>file:/C:/Users/xuanduc/Documents/GitHub/PRJ/Q2_HE161346/web/WEB-INF/web.xml</file>
            <file>file:/C:/Users/xuanduc/Documents/GitHub/PRJ/Q2_HE161346/src/java/ResultSet.java</file>
            <file>file:/C:/Users/xuanduc/Documents/GitHub/PRJ/Q2_HE161346/src/java/MyExamServlet.java</file>
        </group>
    </open-files>
</project-private>
